{"coef": [0.436693293134325, 0.00943577803323845, -0.10732204139090426, 0.6450656935198124, -3.976389421180351e-06, -0.0037865426549710595, -0.421314377527144, -0.43451375467477726], "intercept": -36.94192020718445}